key,campeonato,data,hora,cidade,estadio,casa,fora,gols_casa,gols_fora,gols_casa_ht,gols_fora_ht,tec_casa,tec_fora,nota_casa,nota_fora,escalacao_casa,escalacao_fora,shots_off_target_casa,shots_off_target_fora,ball_possession_casa,ball_possession_fora,aerials_won_casa,aerials_won_fora,dribbles_casa,dribbles_fora,offsides_casa,offsides_fora,shots_outside_box_casa,shots_outside_box_fora,big_chances_casa,big_chances_fora,accurate_passes_casa,accurate_passes_fora,shots_on_target_casa,shots_on_target_fora,goalkeeper_saves_casa,goalkeeper_saves_fora,counter_attack_goals_casa,counter_attack_goals_fora,corner_kicks_casa,corner_kicks_fora,possession_lost_casa,possession_lost_fora,counter_attack_shots_casa,counter_attack_shots_fora,counter_attacks_casa,counter_attacks_fora,fouls_casa,fouls_fora,tackles_casa,tackles_fora,total_shots_casa,total_shots_fora,interceptions_casa,interceptions_fora,passes_casa,passes_fora,crosses_casa,crosses_fora,clearances_casa,clearances_fora,hit_woodwork_casa,hit_woodwork_fora,long_balls_casa,long_balls_fora,duels_won_casa,duels_won_fora,blocked_shots_casa,blocked_shots_fora,big_chances_missed_casa,big_chances_missed_fora,shots_inside_box_casa,shots_inside_box_fora,yellow_cards_casa,yellow_cards_fora,red_cards_casa,red_cards_fora
15/04/2023AthleticoGoiásBrasileiroSérieA2023,Brasileiro Série A 2023,15/04/2023,18:30,Curitiba,Arena da Baixada,Athletico,Goiás,2,0,1,0,Paulo Turra,Emerson Ávila,7.0,6.71,"['Bento', 'Madson', 'Pedro Henrique', 'Thiago Heleno', 'Pedrinho', 'Hugo Moura', 'Christian', 'Léo Cittadini', 'Vitor Bueno', 'Rômulo', 'Pablo']","['Tadeu', 'Maguinho', 'Sidimar', 'Bruno Melo', 'Sander', 'Zé Ricardo', 'Everton Morelli', 'Diego Gonçalves', 'Dieguinho', 'Vinícius', 'Matheus Peixoto']",4,8,44%,56%,23,26,6/10 (60%),15/20 (75%),1,1,3,9,2,1,289 (79%),397 (83%),3,2,2,1,0,0,3,8,131,134,0,0,0,0,19,18,16,12,11,16,12,10,368,478,5/20 (25%),5/23 (22%),14,23,0,0,31/58 (53%),29/49 (59%),62,71,4,6,0,1,8,7,2,3,0,0
15/04/2023PalmeirasCuiabáBrasileiroSérieA2023,Brasileiro Série A 2023,15/04/2023,16:00,Sao Paulo,Allianz Parque,Palmeiras,Cuiabá,2,1,1,1,Abel Ferreira,Ivo Vieira,6.94,6.61,"['Weverton', 'Marcos Rocha', 'Gustavo Gómez', 'Murilo', 'Vanderlan', 'Zé Rafael', 'Gabriel Menino', 'Artur', 'José López', 'Dudu', 'Endrick']","['Walter', 'Mateusinho', 'Marllon', 'Allyson', 'Patric Calmon', 'Raniele', 'Filipe Augusto', 'Jonathan Cafú', 'Pablo Ceppelini', 'Emerson Ramon', 'Deyverson']",7,6,52%,48%,16,21,21/26 (81%),10/16 (63%),3,2,7,6,3,2,382 (84%),337 (79%),5,4,3,3,0,0,4,4,133,144,1,0,1,0,23,12,17,16,17,12,7,10,455,426,8/22 (36%),5/14 (36%),10,22,1,0,41/68 (60%),23/46 (50%),66,68,5,2,2,1,10,6,2,5,0,1
15/04/2023AméricaMineiroFluminenseBrasileiroSérieA2023,Brasileiro Série A 2023,15/04/2023,16:00,Belo Horizonte,Arena Independência,América Mineiro,Fluminense,0,3,0,0,Vagner Mancini,Fernando Diniz,6.66,7.04,"['Matheus Cavichioli', 'Nino Paraíba', 'Éder Ferreira', 'Iago Maidana', 'Marlon Lopes', 'Emmanuel Martínez', 'Alê', 'Everaldo', 'Juninho', 'Felipe Azevedo', 'Henrique Almeida']","['Fábio', 'Samuel Xavier', 'Nino', 'Vitor Mendes', 'Alexsander', 'André', 'Lima', 'Ganso', 'Gabriel Pirani', 'John Kennedy', 'Germán Cano']",9,3,46%,54%,8,17,10/15 (67%),11/19 (58%),2,3,6,5,1,6,266 (80%),368 (84%),2,8,5,2,0,1,11,1,131,119,1,2,1,3,25,9,19,15,17,15,16,9,333,440,10/43 (23%),1/6 (17%),6,26,1,1,25/50 (50%),23/53 (43%),46,67,6,4,1,4,11,10,3,2,0,0
22/04/2023SãoPauloAméricaMineiroBrasileiroSérieA2023,Brasileiro Série A 2023,22/04/2023,18:30,Sao Paulo,Estádio Cicero Pompeu de Toledo,São Paulo,América Mineiro,3,0,1,0,Dorival Júnior,Vagner Mancini,7.2,6.53,"['Rafael', 'Raí Ramos', 'Robert Arboleda', 'Lucas Beraldo', 'Patryck', 'Luan', 'Pablo Maia', 'Michel Araújo', 'Rodrigo Nestor', 'Luciano', 'Jonathan Calleri']","['Matheus Cavichioli', 'Nino Paraíba', 'Ricardo Silva', 'Éder Ferreira', 'Marlon Lopes', 'Lucas Kal', 'Emmanuel Martínez', 'Matheusinho', 'Juninho', 'Everaldo', 'Aloísio']",8,8,53%,47%,16,15,8/12 (67%),7/16 (44%),1,3,7,10,4,3,364 (84%),312 (81%),6,8,8,3,0,0,3,7,119,126,1,0,1,0,18,12,13,11,17,22,7,6,435,385,7/20 (35%),3/24 (13%),25,13,0,2,29/66 (44%),30/49 (61%),49,50,3,6,2,3,10,12,5,3,0,0
22/04/2023CuiabáRedBullBragantinoBrasileiroSérieA2023,Brasileiro Série A 2023,22/04/2023,18:30,Cuiaba,Arena Pantanal,Cuiabá,Red Bull Bragantino,1,1,0,0,Ivo Vieira,Pedro Caixinha,6.78,6.74,"['Walter', 'Mateusinho', 'Marllon', 'Allyson', 'Patric Calmon', 'Raniele', 'Denilson', 'Emerson Ramon', 'Pablo Ceppelini', 'Iury Castilho', 'Deyverson']","['Lucão', 'Aderlan', 'Eduardo Santos', 'Natan', 'Juninho Capixaba', 'Lucas Evangelista', 'Matheus Fernandes', 'Gustavinho', 'Helinho', 'Eduardo Sasha', 'Henry Mosquera']",8,4,34%,66%,22,15,10/17 (59%),10/20 (50%),3,2,5,3,2,2,169 (69%),409 (81%),3,2,1,2,0,0,4,5,133,156,0,0,0,0,17,21,14,12,14,7,8,8,245,508,4/20 (20%),2/21 (10%),26,25,0,0,23/55 (42%),26/59 (44%),67,53,3,1,1,1,9,4,3,3,0,0
22/04/2023FluminenseAthleticoBrasileiroSérieA2023,Brasileiro Série A 2023,22/04/2023,16:00,Rio de Janeiro,Estádio do Maracanã,Fluminense,Athletico,2,0,1,0,Fernando Diniz,Paulo Turra,6.96,6.61,"['Fábio', 'Samuel Xavier', 'Nino', 'Felipe Melo', 'Alexsander', 'André', 'Lima', 'Jhon Arias', 'Ganso', 'Keno', 'Germán Cano']","['Bento', 'Madson', 'Pedro Henrique', 'Thiago Heleno', 'Pedrinho', 'Erick', 'Fernandinho', 'Tomás Cuello', 'Léo Cittadini', 'Thiago Andrade', 'Pablo']",6,4,62%,38%,17,13,8/15 (53%),10/17 (59%),3,1,8,6,1,1,489 (87%),279 (82%),4,1,1,2,0,0,10,6,127,108,1,1,1,1,13,20,14,15,14,10,5,15,559,341,4/26 (15%),3/16 (19%),13,23,1,0,18/35 (51%),27/50 (54%),59,51,4,5,1,1,6,4,3,3,0,0
16/04/2023GrêmioSantosBrasileiroSérieA2023,Brasileiro Série A 2023,16/04/2023,18:30,Caxias do Sul,Estádio Alfredo Jaconi,Grêmio,Santos,1,0,1,0,Renato Gaúcho,Odair Hellmann,6.97,6.84,"['Adriel', 'João Pedro', 'Bruno Alves', 'Walter Kannemann', 'Diogo Barbosa', 'Mathias Villasanti', 'Bitello', 'Vina', 'Franco Cristaldo', 'Zinho', 'Luis Suárez']","['João Paulo', 'Nathan', 'Messias', 'Eduardo Bauermann', 'Felipe Jonatan', 'Guilherme Camacho', 'Dodi', 'Daniel Ruíz', 'Lucas Barbosa', 'Marcos Leonardo', 'Lucas Lima']",6,8,45%,55%,15,13,13/28 (46%),16/29 (55%),1,1,9,4,1,1,311 (77%),382 (81%),6,4,4,5,0,0,4,11,146,160,0,0,0,0,12,16,28,25,17,16,11,12,402,471,1/11 (9%),11/31 (35%),19,15,0,0,18/53 (34%),22/48 (46%),71,66,5,4,1,1,8,12,3,4,0,1
16/04/2023FlamengoCoritibaBrasileiroSérieA2023,Brasileiro Série A 2023,16/04/2023,16:00,Rio de Janeiro,Estádio do Maracanã,Flamengo,Coritiba,3,0,1,0,Jorge Sampaoli,António Oliveira,7.13,6.63,"['Santos', 'Wesley França', 'Fabrício Bruno', 'Léo Pereira', 'Ayrton Lucas', 'Gerson', 'Thiago Maia', 'Everton Ribeiro', 'Matheus França', 'Everton', 'Gabriel Barbosa']","['Gabriel Vasconcelos', 'Natanael', 'Jhon Chancellor', 'Benjamin Kuscevic', 'Victor Luis', 'Liziero', 'Júnior Urso', 'Bruno Gomes', 'William Pottker', 'Rodrigo Pinho', 'Alef Manga']",5,2,59%,41%,8,10,13/28 (46%),18/29 (62%),1,2,10,7,2,0,478 (88%),323 (85%),7,3,3,4,0,0,6,3,119,115,0,0,0,0,20,17,23,28,15,10,12,11,541,380,4/16 (25%),3/12 (25%),13,15,1,0,36/48 (75%),30/47 (64%),60,74,3,5,0,0,5,3,3,3,0,0
16/04/2023CorinthiansCruzeiroBrasileiroSérieA2023,Brasileiro Série A 2023,16/04/2023,16:00,Sao Paulo,Neo Química Arena,Corinthians,Cruzeiro,2,1,0,0,Fernando Lázaro,Pepa,6.85,6.68,"['Cássio', 'Fagner', 'Bruno Méndez', 'Gil', 'Matheus Bidú', 'Fausto Vera', 'Roni', 'Chrystian Barletta', 'Róger Guedes', 'Giuliano', 'Yuri Alberto']","['Rafael Cabral', 'William', 'Lucas Oliveira', 'Luciano Castan', 'Marlon', 'Richard Cândido', 'Ramiro', 'Wesley', 'Mateus Vital', 'Bruno Rodrigues', 'Gilberto']",4,3,41%,59%,14,7,6/14 (43%),9/18 (50%),4,3,6,4,3,1,315 (78%),495 (86%),7,2,1,5,0,0,7,4,134,147,0,0,0,0,14,12,19,14,12,8,12,7,405,576,4/15 (27%),4/24 (17%),22,20,0,0,16/51 (31%),24/42 (57%),50,44,1,3,1,0,6,4,4,2,0,0
15/04/2023AtléticoMineiroVascodaGamaBrasileiroSérieA2023,Brasileiro Série A 2023,15/04/2023,21:00,Belo Horizonte,Governador Magalhaes Pinto,Atlético Mineiro,Vasco da Gama,1,2,1,2,Eduardo Coudet,Mauricio Barbieri,6.91,6.94,"['Éverson', 'Renzo Saravia', 'Mauricio Lemos', 'Jemerson', 'Rubens', 'Matías Zaracho', 'Otávio', 'Hyoran', 'Cristian Pavón', 'Hulk', 'Paulinho']","['Léo Jardim', 'Puma Rodríguez', 'Robson Bambu', 'Léo', 'Lucas Piton', 'Rodrigo', 'Jair', 'Andrey Santos', 'Gabriel Pec', 'Pedro Raul', 'Alex Teixeira']",7,1,74%,26%,16,12,15/23 (65%),7/19 (37%),2,2,11,1,2,1,527 (88%),136 (66%),10,3,1,9,0,0,14,3,156,129,0,0,0,0,15,10,20,27,26,7,6,12,601,207,11/46 (24%),6/12 (50%),10,31,0,0,22/40 (55%),19/51 (37%),60,61,9,3,2,0,15,6,6,5,0,0
15/04/2023BotafogoSãoPauloBrasileiroSérieA2023,Brasileiro Série A 2023,15/04/2023,18:30,Rio de Janeiro,Estádio Nilton Santos,Botafogo,São Paulo,2,1,1,1,Luís Castro,Rogério Ceni,6.83,6.88,"['Lucas Perri', 'Leonel Di Plácido', 'Adryelson', 'Víctor Cuesta', 'Rafael', 'Tchê Tchê', 'Danilo Barbosa', 'Gustavo Sauer', 'Eduardo', 'Júnior Santos', 'Tiquinho Soares']","['Rafael', 'Rafinha', 'Robert Arboleda', 'Alan Franco', 'Caio Paulista', 'Jhegson Méndez', 'Michel Araújo', 'Rodrigo Nestor', 'Luciano', 'Wellington Rato', 'Jonathan Calleri']",5,6,32%,68%,11,11,15/22 (68%),15/18 (83%),2,1,6,5,2,2,230 (78%),574 (89%),3,8,7,1,0,0,3,7,110,115,1,1,1,1,20,13,9,15,12,16,17,6,295,647,2/15 (13%),4/18 (22%),19,14,0,0,21/46 (46%),35/56 (63%),45,61,4,2,1,1,6,11,3,2,0,0
15/04/2023FortalezaInternacionalBrasileiroSérieA2023,Brasileiro Série A 2023,15/04/2023,18:30,Fortaleza,Estadio Castelão,Fortaleza,Internacional,1,1,0,0,Juan Pablo Vojvoda,Mano Menezes,6.74,6.96,"['Fernando Miguel', 'Tinga', 'Emanuel Brítez', 'Titi', 'Bruno Pacheco', 'Lucas Sasha', 'Caio Alexandre', 'Calebe', 'Moisés', 'Juan Martín Lucero', 'Thiago Galhardo']","['John', 'Igor Gomes', 'Vitão', 'Rodrigo Moledo', 'Renê', 'Johnny', 'Gabriel Baralhas', 'Pedro Henrique', 'Alan Patrick', 'Wanderson', 'Alexandre Alemão']",7,5,47%,53%,19,16,11/21 (52%),25/34 (74%),0,2,14,5,0,1,319 (80%),378 (80%),6,6,5,5,0,0,5,1,139,143,0,0,0,0,18,13,17,19,24,11,12,15,399,471,6/27 (22%),1/9 (11%),14,23,0,0,23/48 (48%),8/33 (24%),60,76,11,0,0,1,10,6,2,1,0,0
15/04/2023RedBullBragantinoBahiaBrasileiroSérieA2023,Brasileiro Série A 2023,15/04/2023,18:30,Braganca Paulista,Estadio Nabi Abi Chedid,Red Bull Bragantino,Bahia,2,1,0,1,Pedro Caixinha,Renato Paiva,6.8,6.75,"['Lucão', 'Aderlan', 'Leonardo Realpe', 'Natan', 'Juninho Capixaba', 'Jadsom', 'Matheus Fernandes', 'Ignacio Laquintana', 'Bruninho', 'Talisson', 'Alerrandro']","['Marcos Felipe', 'Gabriel Xavier', 'Kanu', 'Rezende', 'Vítor Jacaré', 'Thaciano', 'Yago Felipe', 'Jhoanner Chávez', 'Ademir', 'Everaldo', 'Cauly']",4,5,56%,44%,8,11,14/22 (64%),12/21 (57%),2,3,7,4,4,2,337 (77%),248 (72%),7,3,2,5,0,0,4,7,155,168,0,0,0,0,20,13,26,11,13,9,12,12,435,343,1/17 (6%),3/14 (21%),18,18,1,0,20/51 (39%),37/72 (51%),61,54,2,1,2,1,6,5,3,1,0,0
29/04/2023SantosAméricaMineiroBrasileiroSérieA2023,Brasileiro Série A 2023,29/04/2023,18:30,Santos,Urbano Caldeira,Santos,América Mineiro,3,2,2,1,Odair Hellmann,Vagner Mancini,6.89,6.71,"['João Paulo', 'Nathan', 'Messias', 'Eduardo Bauermann', 'Lucas Pires', 'Lucas Lima', 'Rodrigo Fernández', 'Dodi', 'Stiven Mendoza', 'Marcos Leonardo', 'Yeferson Soteldo']","['Matheus Cavichioli', 'Arthur', 'Éder Ferreira', 'Iago Maidana', 'Marlon Lopes', 'Alê', 'Matheusinho', 'Juninho', 'Martín Benítez', 'Everaldo', 'Aloísio']",4,7,44%,56%,19,23,7/10 (70%),11/16 (69%),0,1,3,12,3,2,216 (73%),283 (77%),6,8,6,3,0,0,2,6,129,146,0,1,0,1,19,16,17,14,12,19,10,8,294,369,2/17 (12%),7/24 (29%),30,16,0,1,20/47 (43%),20/40 (50%),58,66,2,4,0,1,9,7,3,4,1,0
29/04/2023CoritibaSãoPauloBrasileiroSérieA2023,Brasileiro Série A 2023,29/04/2023,16:30,Curitiba,Estádio Couto Pereira,Coritiba,São Paulo,1,1,1,0,Antonio Carlos Zago,Dorival Júnior,6.91,6.99,"['Gabriel Vasconcelos', 'Benjamin Kuscevic', 'Bruno Viana', 'Victor Luis', 'Natanael', 'Bruno Gomes', 'Willian Farias', 'Jamerson', 'Kaio César', 'Alef Manga', 'Rodrigo Pinho']","['Rafael', 'Raí Ramos', 'Diego Costa', 'Lucas Beraldo', 'Caio Paulista', 'Pablo Maia', 'Luan', 'Wellington Rato', 'Rodrigo Nestor', 'Alisson', 'Luciano']",8,9,33%,67%,12,13,8/18 (44%),15/28 (54%),2,2,4,14,2,1,211 (73%),539 (88%),5,6,5,4,0,0,7,6,126,120,3,0,3,0,14,12,23,20,16,23,15,12,288,614,7/22 (32%),3/11 (27%),18,18,0,1,23/54 (43%),32/50 (64%),55,61,3,8,2,1,12,9,4,1,0,0
29/04/2023FortalezaFluminenseBrasileiroSérieA2023,Brasileiro Série A 2023,29/04/2023,16:30,Fortaleza,Estadio Castelão,Fortaleza,Fluminense,4,2,2,1,Juan Pablo Vojvoda,Fernando Diniz,6.94,6.79,"['Fernando Miguel', 'Tinga', 'Emanuel Brítez', 'Titi', 'Bruno Pacheco', 'Calebe', 'Hércules', 'Caio Alexandre', 'Moisés', 'Tomás Pochettino', 'Thiago Galhardo']","['Fábio', 'Guga', 'Nino', 'Manoel', 'Alexsander', 'André', 'Lima', 'Gabriel Pirani', 'Alan', 'John Kennedy', 'Lelê']",2,3,30%,70%,12,13,10/20 (50%),15/34 (44%),2,1,5,4,10,2,196 (77%),541 (90%),18,3,1,13,2,0,8,5,105,124,4,0,5,0,8,15,27,12,20,12,7,3,254,599,6/15 (40%),9/21 (43%),17,16,0,1,18/43 (42%),10/17 (59%),63,47,0,6,6,0,15,8,0,3,0,0
24/04/2023BahiaBotafogoBrasileiroSérieA2023,Brasileiro Série A 2023,24/04/2023,20:00,Salvador,Arena Fonte Nova,Bahia,Botafogo,1,2,1,1,Renato Paiva,Luís Castro,6.61,6.93,"['Marcos Felipe', 'Vítor Jacaré', 'Gabriel Xavier', 'David Duarte', 'Rezende', 'Jhoanner Chávez', 'Ademir', 'Nicolás Acevedo', 'Yago Felipe', 'Cauly', 'Everaldo']","['Lucas Perri', 'Leonel Di Plácido', 'Adryelson', 'Víctor Cuesta', 'Rafael', 'Danilo Barbosa', 'Lucas Fernandes', 'Júnior Santos', 'Eduardo', 'Victor Sá', 'Tiquinho Soares']",3,2,60%,40%,11,14,11/26 (42%),20/31 (65%),0,5,4,3,0,0,452 (84%),288 (79%),5,3,1,4,0,0,6,3,149,147,0,0,0,0,18,9,20,24,13,5,13,15,540,366,3/21 (14%),1/13 (8%),15,30,0,0,33/51 (65%),21/50 (42%),51,74,5,0,0,0,9,2,1,2,0,0
23/04/2023GoiásCorinthiansBrasileiroSérieA2023,Brasileiro Série A 2023,23/04/2023,19:00,Goiania,Estádio da Serrinha,Goiás,Corinthians,3,1,1,1,Emerson Ávila,Cuca,6.98,6.55,"['Tadeu', 'Maguinho', 'Lucas Halter', 'Bruno Melo', 'Sander', 'Zé Ricardo', 'Everton Morelli', 'Dieguinho', 'Julián Palacios', 'Vinícius', 'Matheus Peixoto']","['Cássio', 'Bruno Méndez', 'Gil', 'Fabián Balbuena', 'Fábio Santos', 'Du Queiroz', 'Fausto Vera', 'Giuliano', 'Róger Guedes', 'Chrystian Barletta', 'Yuri Alberto']",6,4,51%,49%,15,10,15/24 (63%),4/9 (44%),4,1,9,5,3,0,318 (81%),317 (81%),7,2,1,4,0,0,5,8,134,121,1,1,1,1,21,23,12,16,18,10,14,13,392,392,7/30 (23%),2/12 (17%),14,24,0,0,33/51 (65%),23/52 (44%),62,49,5,4,1,0,9,5,5,2,0,0
23/04/2023CoritibaFortalezaBrasileiroSérieA2023,Brasileiro Série A 2023,23/04/2023,18:30,Curitiba,Estádio Couto Pereira,Coritiba,Fortaleza,0,3,0,0,António Oliveira,Juan Pablo Vojvoda,6.75,7.22,"['Gabriel Vasconcelos', 'Benjamin Kuscevic', 'Bruno Viana', 'Vilar', 'Liziero', 'Natanael', 'Júnior Urso', 'Bruno Gomes', 'Jamerson', 'Alef Manga', 'Robson']","['Fernando Miguel', 'Tinga', 'Emanuel Brítez', 'Titi', 'Bruno Pacheco', 'Calebe', 'Caio Alexandre', 'Hércules', 'Guilherme', 'Tomás Pochettino', 'Silvio Romero']",7,4,58%,42%,12,7,15/27 (56%),14/22 (64%),2,2,14,2,0,2,419 (84%),270 (79%),7,9,6,7,0,1,3,7,134,139,1,1,1,2,9,10,23,27,18,16,10,14,497,343,3/14 (21%),5/20 (25%),18,12,1,0,28/59 (47%),34/63 (54%),60,57,4,3,0,0,4,14,1,2,0,0
23/04/2023VascodaGamaPalmeirasBrasileiroSérieA2023,Brasileiro Série A 2023,23/04/2023,16:00,Rio de Janeiro,Estádio Vasco da Gama,Vasco da Gama,Palmeiras,2,2,2,1,Claudio Maldonado,Vitor Castanheira,6.66,6.83,"['Léo Jardim', 'Puma Rodríguez', 'Robson Bambu', 'Léo', 'Lucas Piton', 'Jair', 'Rodrigo', 'Andrey Santos', 'Gabriel Pec', 'Pedro Raul', 'Alex Teixeira']","['Weverton', 'Gustavo Garcia', 'Gustavo Gómez', 'Murilo', 'Joaquín Piquerez', 'Richard Rios', 'Zé Rafael', 'Artur', 'Gabriel Menino', 'Dudu', 'Rafael Navarro']",4,5,36%,64%,19,25,15/23 (65%),13/16 (81%),0,0,4,8,3,1,176 (69%),376 (81%),3,7,5,1,1,0,2,5,130,145,3,1,3,1,19,15,12,15,11,13,8,6,255,466,1/16 (6%),4/31 (13%),41,28,0,0,17/46 (37%),29/56 (52%),60,71,4,1,1,0,7,5,4,3,0,0
23/04/2023SantosAtléticoMineiroBrasileiroSérieA2023,Brasileiro Série A 2023,23/04/2023,16:00,Santos,Urbano Caldeira,Santos,Atlético Mineiro,0,0,0,0,Odair Hellmann,Eduardo Coudet,7.02,6.82,"['João Paulo', 'Nathan', 'Messias', 'Eduardo Bauermann', 'Lucas Pires', 'Ângelo', 'Dodi', 'Rodrigo Fernández', 'Daniel Ruíz', 'Lucas Lima', 'Marcos Leonardo']","['Éverson', 'Renzo Saravia', 'Bruno Fuchs', 'Mauricio Lemos', 'Rubens', 'Matías Zaracho', 'Edenilson', 'Otávio', 'Hyoran', 'Hulk', 'Paulinho']",5,6,37%,63%,19,12,18/31 (58%),16/27 (59%),0,1,6,11,1,3,245 (78%),465 (84%),2,5,5,2,0,0,9,6,120,143,0,0,0,0,11,21,22,20,12,15,13,13,316,551,7/20 (35%),2/18 (11%),30,18,0,1,16/36 (44%),30/55 (55%),79,59,5,4,1,3,6,4,3,3,0,0
23/04/2023InternacionalFlamengoBrasileiroSérieA2023,Brasileiro Série A 2023,23/04/2023,11:00,Porto Alegre,Estadio Beira-Rio,Internacional,Flamengo,2,1,0,0,Mano Menezes,Jorge Sampaoli,6.97,6.67,"['Keiller', 'Igor Gomes', 'Vitão', 'Gabriel Mercado', 'Renê', 'Johnny', 'Campanharo', 'Pedro Henrique', 'Alan Patrick', 'Wanderson', 'Alexandre Alemão']","['Santos', 'Wesley França', 'Fabrício Bruno', 'Léo Pereira', 'Ayrton Lucas', 'Arturo Vidal', 'Thiago Maia', 'Gerson', 'Everton Ribeiro', 'Gabriel Barbosa', 'Pedro']",5,8,36%,64%,9,6,14/21 (67%),13/25 (52%),2,3,8,5,1,3,252 (81%),517 (88%),4,4,3,2,0,0,6,2,106,115,1,0,1,0,14,13,19,9,16,16,18,7,310,588,4/21 (19%),3/11 (27%),15,14,0,1,17/32 (53%),29/42 (69%),55,42,7,4,0,2,8,11,3,1,0,0
22/04/2023CruzeiroGrêmioBrasileiroSérieA2023,Brasileiro Série A 2023,22/04/2023,21:00,Belo Horizonte,Estadio Raimundo Sampaio (Arena Independencia),Cruzeiro,Grêmio,1,0,0,0,Pepa,Renato Gaúcho,7.05,6.92,"['Rafael Cabral', 'William', 'Lucas Oliveira', 'Luciano Castan', 'Marlon', 'Richard Cândido', 'Ramiro', 'Nikão', 'Mateus Vital', 'Bruno Rodrigues', 'Gilberto']","['Gabriel Grando', 'João Pedro', 'Bruno Alves', 'Walter Kannemann', 'Diogo Barbosa', 'Lucas Silva', 'Bitello', 'Vina', 'Franco Cristaldo', 'Nathan', 'Luis Suárez']",9,2,49%,51%,14,22,6/14 (43%),12/21 (57%),1,3,9,7,1,1,393 (81%),405 (79%),6,7,7,5,0,0,11,5,147,162,0,2,0,2,21,8,17,17,21,11,17,11,488,511,6/24 (25%),1/17 (6%),19,18,0,0,37/65 (57%),15/43 (35%),45,70,6,2,1,1,12,4,6,2,1,0
07/05/2023AméricaMineiroCuiabáBrasileiroSérieA2023,Brasileiro Série A 2023,07/05/2023,11:00,Belo Horizonte,Arena Independência,América Mineiro,Cuiabá,1,2,1,0,Vagner Mancini,Ivo Vieira,6.57,6.92,"['Matheus Cavichioli', 'Marcinho', 'Iago Maidana', 'Danilo Avelar', 'Marlon Lopes', 'Alê', 'Everaldo', 'Juninho', 'Martín Benítez', 'Felipe Azevedo', 'Aloísio']","['Walter', 'Matheus Alexandre', 'Marllon', 'Alan Empereur', 'Mateusinho', 'Filipe Augusto', 'Raniele', 'Emerson Ramon', 'Pablo Ceppelini', 'Iury Castilho', 'Deyverson']",8,3,46%,54%,19,17,19/39 (49%),19/21 (90%),5,2,4,5,3,0,317 (78%),381 (80%),4,5,4,3,0,0,4,6,144,157,0,0,0,0,19,12,8,29,15,9,10,7,404,476,8/17 (47%),6/28 (21%),20,15,2,0,21/45 (47%),27/59 (46%),58,82,3,1,2,0,11,4,3,4,1,0
06/05/2023FluminenseVascodaGamaBrasileiroSérieA2023,Brasileiro Série A 2023,06/05/2023,21:00,Rio de Janeiro,Estádio do Maracanã,Fluminense,Vasco da Gama,1,1,0,1,Fernando Diniz,Mauricio Barbieri,6.92,6.86,"['Fábio', 'Samuel Xavier', 'Nino', 'Felipe Melo', 'Marcelo', 'André', 'Alexsander', 'Jhon Arias', 'Ganso', 'Lima', 'Germán Cano']","['Léo Jardim', 'Puma Rodríguez', 'Robson Bambu', 'Léo', 'Lucas Piton', 'Jair', 'Rodrigo', 'Andrey Santos', 'Gabriel Pec', 'Pedro Raul', 'Alex Teixeira']",10,5,79%,21%,15,13,12/20 (60%),5/10 (50%),1,1,14,5,1,1,654 (89%),116 (59%),9,1,0,8,0,0,9,1,145,119,1,0,1,0,12,19,11,21,23,8,4,13,733,195,9/39 (23%),2/8 (25%),6,36,2,0,19/26 (73%),19/54 (35%),56,49,4,2,0,0,9,3,3,3,0,0
06/05/2023CruzeiroSantosBrasileiroSérieA2023,Brasileiro Série A 2023,06/05/2023,16:00,Belo Horizonte,Governador Magalhaes Pinto,Cruzeiro,Santos,2,1,1,0,Pepa,Odair Hellmann,6.81,6.62,"['Rafael Cabral', 'William', 'Lucas Oliveira', 'Luciano Castan', 'Marlon', 'Ramiro', 'Richard Cândido', 'Rafael Bilú', 'Mateus Vital', 'Bruno Rodrigues', 'Gilberto']","['João Paulo', 'Nathan', 'Messias', 'Joaquim', 'Lucas Pires', 'Rodrigo Fernández', 'Guilherme Camacho', 'Lucas Braga', 'Lucas Lima', 'Stiven Mendoza', 'Marcos Leonardo']",6,4,55%,45%,7,12,9/21 (43%),11/23 (48%),0,5,4,3,3,1,399 (80%),306 (77%),3,4,3,1,0,0,4,4,145,149,0,0,0,0,17,15,23,19,10,9,11,5,496,397,4/13 (31%),3/16 (19%),11,9,0,0,34/66 (52%),26/62 (42%),53,58,1,1,1,0,6,6,6,3,0,0
01/05/2023VascodaGamaBahiaBrasileiroSérieA2023,Brasileiro Série A 2023,01/05/2023,20:00,Rio de Janeiro,Estádio Vasco da Gama,Vasco da Gama,Bahia,0,1,0,1,Mauricio Barbieri,Renato Paiva,6.89,6.92,"['Léo Jardim', 'Puma Rodríguez', 'Robson Bambu', 'Léo', 'Lucas Piton', 'Jair', 'Andrey Santos', 'Marlon Gomes', 'Gabriel Pec', 'Pedro Raul', 'Alex Teixeira']","['Marcos Felipe', 'Vítor Jacaré', 'Kanu', 'David Duarte', 'Rezende', 'Matheus Bahia', 'Ademir', 'Thaciano', 'Nicolás Acevedo', 'Cauly', 'Everaldo']",6,4,55%,45%,18,17,16/21 (76%),11/14 (79%),5,0,8,4,0,1,346 (80%),269 (76%),6,6,5,6,0,1,7,6,137,136,1,5,1,5,19,19,11,9,15,12,10,13,430,355,6/28 (21%),1/18 (6%),14,32,0,1,26/56 (46%),21/52 (40%),63,55,3,2,0,1,7,8,1,4,0,0
30/04/2023CuiabáGrêmioBrasileiroSérieA2023,Brasileiro Série A 2023,30/04/2023,18:30,Cuiaba,Arena Pantanal,Cuiabá,Grêmio,1,2,1,1,Ivo Vieira,Renato Gaúcho,6.73,6.88,"['Walter', 'Mateusinho', 'Marllon', 'Alan Empereur', 'Patric Calmon', 'Raniele', 'Filipe Augusto', 'Jonathan Cafú', 'Pablo Ceppelini', 'Emerson Ramon', 'Deyverson']","['Gabriel Grando', 'Fábio', 'Bruno Alves', 'Walter Kannemann', 'Diogo Barbosa', 'Lucas Silva', 'Lucas Milla', 'Bitello', 'Franco Cristaldo', 'Vina', 'Luis Suárez']",4,4,51%,49%,18,21,16/19 (84%),13/22 (59%),2,2,8,5,2,3,342 (83%),349 (81%),4,6,4,3,0,0,7,5,132,118,0,0,0,0,15,11,13,9,15,12,9,11,411,431,6/41 (15%),3/13 (23%),17,33,1,1,27/40 (68%),18/45 (40%),58,57,7,2,1,1,7,7,5,5,1,0
30/04/2023InternacionalGoiásBrasileiroSérieA2023,Brasileiro Série A 2023,30/04/2023,18:30,Porto Alegre,Estadio Beira-Rio,Internacional,Goiás,1,0,0,0,Mano Menezes,Emerson Ávila,6.92,6.79,"['John', 'Fabricio Bustos', 'Vitão', 'Gabriel Mercado', 'Renê', 'Johnny', 'Matheus Dias', 'Maurício', 'Carlos De Pena', 'Pedro Henrique', 'Luiz Adriano']","['Tadeu', 'Maguinho', 'Lucas Halter', 'Bruno Melo', 'Sander', 'Zé Ricardo', 'Everton Morelli', 'Dieguinho', 'Julián Palacios', 'Vinícius', 'Matheus Peixoto']",6,7,57%,43%,20,12,14/22 (64%),6/11 (55%),1,4,7,4,0,1,400 (86%),269 (82%),8,1,2,7,0,0,8,11,116,112,0,1,0,1,16,10,8,18,18,15,5,5,463,329,5/27 (19%),6/29 (21%),21,24,0,0,13/30 (43%),29/58 (50%),51,51,4,7,0,1,11,11,4,2,0,1
30/04/2023FlamengoBotafogoBrasileiroSérieA2023,Brasileiro Série A 2023,30/04/2023,16:00,Rio de Janeiro,Estádio do Maracanã,Flamengo,Botafogo,2,3,0,2,Jorge Sampaoli,Luís Castro,6.88,6.96,"['Santos', 'Fabrício Bruno', 'David Luiz', 'Léo Pereira', 'Wesley França', 'Arturo Vidal', 'Thiago Maia', 'Ayrton Lucas', 'Gabriel Barbosa', 'Everton', 'Pedro']","['Lucas Perri', 'Rafael', 'Adryelson', 'Víctor Cuesta', 'Marçal', 'Tchê Tchê', 'Danilo Barbosa', 'Júnior Santos', 'Eduardo', 'Victor Sá', 'Tiquinho Soares']",8,3,74%,26%,10,8,10/21 (48%),9/16 (56%),3,1,5,3,8,3,565 (88%),157 (70%),13,6,3,11,0,0,7,2,135,106,0,4,0,4,14,12,12,18,24,12,10,11,642,225,4/29 (14%),2/9 (22%),5,31,1,0,33/46 (72%),16/51 (31%),44,48,3,3,6,0,19,9,4,4,0,1
29/04/2023AtléticoMineiroAthleticoBrasileiroSérieA2023,Brasileiro Série A 2023,29/04/2023,21:00,Belo Horizonte,Governador Magalhaes Pinto,Atlético Mineiro,Athletico,2,1,1,0,Eduardo Coudet,Paulo Turra,6.93,6.62,"['Éverson', 'Renzo Saravia', 'Mauricio Lemos', 'Jemerson', 'Rubens', 'Matías Zaracho', 'Otávio', 'Edenilson', 'Hyoran', 'Hulk', 'Paulinho']","['Bento', 'Khellven', 'Zé Ivaldo', 'Thiago Heleno', 'Pedrinho', 'Erick', 'David Terans', 'Hugo Moura', 'Alex Santana', 'Rômulo', 'Vitor Roque']",9,1,59%,41%,13,8,11/17 (65%),14/20 (70%),2,3,5,5,3,1,497 (87%),321 (81%),6,3,2,4,1,0,1,5,116,134,1,0,1,0,18,11,21,13,16,8,11,12,574,398,4/13 (31%),4/12 (33%),17,12,0,0,20/46 (43%),29/65 (45%),56,53,1,4,2,0,11,3,3,3,0,1
29/04/2023PalmeirasCorinthiansBrasileiroSérieA2023,Brasileiro Série A 2023,29/04/2023,18:30,Sao Paulo,Allianz Parque,Palmeiras,Corinthians,2,1,2,0,Abel Ferreira,Danilo,6.96,6.61,"['Weverton', 'Mayke', 'Gustavo Gómez', 'Murilo', 'Joaquín Piquerez', 'Gabriel Menino', 'Zé Rafael', 'Artur', 'Raphael Veiga', 'Dudu', 'Rony']","['Cássio', 'Du Queiroz', 'Gil', 'Murillo', 'Matheus Bidú', 'Fausto Vera', 'Roni', 'Adson', 'Róger Guedes', 'Ángel Romero', 'Yuri Alberto']",7,2,54%,46%,14,13,6/12 (50%),5/13 (38%),0,1,12,7,2,0,430 (85%),362 (83%),6,2,2,4,0,0,12,3,124,117,0,0,0,0,20,15,19,12,21,10,10,8,508,437,6/21 (29%),3/13 (23%),21,20,1,0,37/64 (58%),16/40 (40%),54,47,8,6,1,0,9,3,3,3,0,0
29/04/2023RedBullBragantinoCruzeiroBrasileiroSérieA2023,Brasileiro Série A 2023,29/04/2023,18:30,Braganca Paulista,Estadio Nabi Abi Chedid,Red Bull Bragantino,Cruzeiro,0,3,0,1,Pedro Caixinha,Pepa,6.27,7.23,"['Lucão', 'Aderlan', 'Eduardo Santos', 'Natan', 'Juninho Capixaba', 'Eric Ramires', 'Matheus Fernandes', 'Helinho', 'Bruninho', 'Sorriso', 'Eduardo Sasha']","['Rafael Cabral', 'William', 'Neris', 'Luciano Castan', 'Marlon', 'Ramiro', 'Richard Cândido', 'Nikão', 'Mateus Vital', 'Bruno Rodrigues', 'Gilberto']",5,7,44%,56%,14,13,7/22 (32%),9/16 (56%),1,4,4,9,2,3,288 (78%),382 (81%),5,5,2,5,0,0,5,9,146,129,0,0,0,0,18,8,10,28,12,18,4,10,369,471,3/21 (14%),4/13 (31%),10,14,0,0,17/49 (35%),47/84 (56%),39,67,2,6,2,1,8,9,5,3,2,0
10/05/2023SantosBahiaBrasileiroSérieA2023,Brasileiro Série A 2023,10/05/2023,19:00,Santos,Urbano Caldeira,Santos,Bahia,3,0,2,0,Odair Hellmann,Renato Paiva,7.25,6.62,"['João Paulo', 'Gabriel Inocêncio', 'Messias', 'Joaquim', 'Lucas Pires', 'Guilherme Camacho', 'Dodi', 'Ângelo', 'Lucas Lima', 'Stiven Mendoza', 'Deivid Washington']","['Marcos Felipe', 'Kanu', 'David Duarte', 'Vitor Hugo', 'Cicinho', 'Thaciano', 'Nicolás Acevedo', 'Jhoanner Chávez', 'Ademir', 'Biel', 'Arthur Sales']",3,9,41%,59%,11,12,12/22 (55%),13/25 (52%),5,1,5,10,5,3,303 (80%),477 (87%),9,3,3,6,0,0,1,4,133,135,4,0,4,0,18,13,28,19,14,17,11,13,379,550,1/5 (20%),2/9 (22%),15,9,1,0,15/41 (37%),20/40 (50%),63,61,2,5,2,3,9,7,3,4,0,0
10/05/2023RedBullBragantinoAméricaMineiroBrasileiroSérieA2023,Brasileiro Série A 2023,10/05/2023,19:00,Braganca Paulista,Estadio Nabi Abi Chedid,Red Bull Bragantino,América Mineiro,2,2,2,1,Pedro Caixinha,Vagner Mancini,6.77,6.74,"['Cleiton', 'Aderlan', 'Eduardo Santos', 'Natan', 'Juninho Capixaba', 'Lucas Evangelista', 'Matheus Fernandes', 'Vitinho', 'Helinho', 'Eduardo Sasha', 'Bruninho']","['Mateus Pasinato', 'Marcinho', 'Ricardo Silva', 'Éder Ferreira', 'Nicolas', 'Alê', 'Everaldo', 'Juninho', 'Martín Benítez', 'Felipe Azevedo', 'Aloísio']",5,2,62%,38%,16,22,12/22 (55%),10/18 (56%),3,2,12,2,3,2,344 (78%),167 (61%),9,3,1,7,0,0,5,4,167,155,2,0,2,0,16,17,16,19,20,10,14,14,440,272,3/29 (10%),2/11 (18%),12,23,1,0,26/58 (45%),21/69 (30%),60,66,6,5,3,0,8,8,5,3,0,0
08/05/2023CorinthiansFortalezaBrasileiroSérieA2023,Brasileiro Série A 2023,08/05/2023,20:00,Sao Paulo,Neo Química Arena,Corinthians,Fortaleza,1,1,0,0,Vanderlei Luxemburgo,Juan Pablo Vojvoda,6.78,6.9,"['Cássio', 'Fagner', 'Gil', 'Murillo', 'Fábio Santos', 'Fausto Vera', 'Roni', 'Adson', 'Matheus Araújo', 'Pedro', 'Róger Guedes']","['Fernando Miguel', 'Tinga', 'Emanuel Brítez', 'Titi', 'Bruno Pacheco', 'Lucas Sasha', 'Caio Alexandre', 'Calebe', 'Hércules', 'Moisés', 'Thiago Galhardo']",10,7,49%,51%,9,10,10/23 (43%),14/21 (67%),3,2,8,9,2,1,417 (85%),452 (88%),8,2,1,7,0,0,5,5,118,113,4,0,4,0,6,9,13,18,21,16,8,11,488,511,4/17 (24%),2/15 (13%),17,22,1,1,25/45 (56%),18/36 (50%),41,48,3,7,1,1,13,7,2,2,0,0
07/05/2023GoiásPalmeirasBrasileiroSérieA2023,Brasileiro Série A 2023,07/05/2023,18:30,Goiania,Estádio da Serrinha,Goiás,Palmeiras,0,5,0,1,Emerson Ávila,Abel Ferreira,6.39,7.13,"['Marcelo Rangel', 'Dieguinho', 'Lucas Halter', 'Bruno Melo', 'Sander', 'Zé Ricardo', 'Everton Morelli', 'Guilherme', 'Julián Palacios', 'Vinícius', 'Matheus Peixoto']","['Weverton', 'Mayke', 'Luan', 'Gustavo Gómez', 'Joaquín Piquerez', 'Zé Rafael', 'Gabriel Menino', 'Artur', 'Raphael Veiga', 'Dudu', 'Rony']",7,5,43%,57%,7,12,14/19 (74%),9/25 (36%),1,1,8,5,0,4,334 (84%),463 (89%),4,7,3,4,0,0,4,6,108,105,0,2,0,2,13,29,19,16,15,16,6,2,396,523,5/19 (26%),4/18 (22%),20,21,0,0,14/33 (42%),32/56 (57%),69,50,4,4,0,0,7,11,2,6,1,0
07/05/2023BotafogoAtléticoMineiroBrasileiroSérieA2023,Brasileiro Série A 2023,07/05/2023,18:30,Rio de Janeiro,Estádio Nilton Santos,Botafogo,Atlético Mineiro,2,0,1,0,Vítor Severino,Eduardo Coudet,7.09,6.65,"['Lucas Perri', 'Leonel Di Plácido', 'Adryelson', 'Víctor Cuesta', 'Hugo', 'Gabriel Pires', 'Marlon Freitas', 'Júnior Santos', 'Lucas Fernandes', 'Victor Sá', 'Matheus Nascimento']","['Éverson', 'Mariano', 'Mauricio Lemos', 'Jemerson', 'Rubens', 'Edenilson', 'Rodrigo Battaglia', 'Matías Zaracho', 'Hyoran', 'Hulk', 'Paulinho']",9,5,39%,61%,17,5,14/22 (64%),16/27 (59%),0,4,8,4,3,1,279 (82%),458 (85%),7,1,1,5,0,0,5,9,105,135,0,0,0,0,14,8,22,17,22,9,13,9,341,536,6/19 (32%),1/20 (5%),35,18,0,0,27/47 (57%),28/52 (54%),61,51,6,3,2,1,14,5,1,3,0,0
07/05/2023GrêmioRedBullBragantinoBrasileiroSérieA2023,Brasileiro Série A 2023,07/05/2023,18:30,Porto Alegre,Arena do Grêmio,Grêmio,Red Bull Bragantino,3,3,1,1,Renato Gaúcho,Pedro Caixinha,6.7,6.78,"['Gabriel Grando', 'Thomas Luciano', 'Bruno Alves', 'Bruno Uvini', 'Diogo Barbosa', 'Lucas Silva', 'Lucas Milla', 'Bitello', 'Franco Cristaldo', 'Vina', 'Luis Suárez']","['Lucão', 'Andrés Hurtado', 'Eduardo Santos', 'Natan', 'Juninho Capixaba', 'Lucas Evangelista', 'Jadsom', 'Matheus Fernandes', 'Helinho', 'Eduardo Sasha', 'Bruninho']",4,6,42%,58%,23,17,13/16 (81%),19/31 (61%),3,2,4,9,1,4,244 (69%),357 (76%),3,7,5,0,0,1,4,7,168,188,0,1,0,2,9,20,23,16,11,21,10,16,353,470,2/11 (18%),3/28 (11%),35,17,0,0,21/55 (38%),23/52 (44%),77,59,4,8,0,2,7,12,5,2,0,0
07/05/2023AthleticoFlamengoBrasileiroSérieA2023,Brasileiro Série A 2023,07/05/2023,16:00,Curitiba,Arena da Baixada,Athletico,Flamengo,2,1,1,1,Paulo Turra,Jorge Sampaoli,6.79,6.81,"['Bento', 'Khellven', 'Pedro Henrique', 'Thiago Heleno', 'Pedrinho', 'Rômulo', 'Erick', 'Fernandinho', 'Christian', 'David Terans', 'Vitor Roque']","['Santos', 'Wesley França', 'Fabrício Bruno', 'Léo Pereira', 'Ayrton Lucas', 'Everton Ribeiro', 'Erick Pulgar', 'Thiago Maia', 'Everton', 'Gabriel Barbosa', 'Matheus França']",3,3,39%,61%,8,13,10/12 (83%),22/29 (76%),2,0,4,10,2,1,271 (78%),449 (84%),4,4,4,2,0,0,2,8,121,135,2,0,2,0,15,11,19,15,10,14,7,11,349,532,1/7 (14%),2/20 (10%),24,15,0,0,24/53 (45%),27/48 (56%),47,65,3,7,0,0,6,4,2,2,0,0
07/05/2023SãoPauloInternacionalBrasileiroSérieA2023,Brasileiro Série A 2023,07/05/2023,16:00,Sao Paulo,Estádio Cicero Pompeu de Toledo,São Paulo,Internacional,2,0,1,0,Dorival Júnior,Mano Menezes,6.83,6.75,"['Rafael', 'Rafinha', 'Robert Arboleda', 'Lucas Beraldo', 'Caio Paulista', 'Gabriel Neves', 'Pablo Maia', 'Alisson', 'Rodrigo Nestor', 'Marcos Paulo', 'Luciano']","['Keiller', 'Igor Gomes', 'Vitão', 'Gabriel Mercado', 'Renê', 'Campanharo', 'Carlos De Pena', 'Maurício', 'Alan Patrick', 'Wanderson', 'Luiz Adriano']",1,3,43%,57%,8,7,9/14 (64%),21/30 (70%),2,3,2,6,3,1,306 (82%),423 (87%),4,4,3,2,0,0,4,9,109,122,1,0,1,0,16,9,19,16,7,15,7,10,374,486,3/8 (38%),5/23 (22%),29,11,0,0,22/47 (47%),26/39 (67%),43,58,2,8,2,1,5,9,3,4,0,0
07/05/2023BahiaCoritibaBrasileiroSérieA2023,Brasileiro Série A 2023,07/05/2023,16:00,Salvador,Arena Fonte Nova,Bahia,Coritiba,3,1,1,0,Renato Paiva,Antonio Carlos Zago,6.93,6.63,"['Marcos Felipe', 'Kanu', 'David Duarte', 'Rezende', 'Vítor Jacaré', 'Yago Felipe', 'Thaciano', 'Matheus Bahia', 'Cauly', 'Everaldo', 'Biel']","['Gabriel Vasconcelos', 'Bruno Viana', 'Henrique', 'Victor Luis', 'Natanael', 'Willian Farias', 'Bruno Gomes', 'Jamerson', 'Kaio César', 'Alef Manga', 'Rodrigo Pinho']",5,1,51%,49%,17,10,13/27 (48%),16/27 (59%),1,2,7,6,3,0,337 (80%),321 (79%),5,4,4,4,0,0,3,5,130,142,4,0,4,0,28,24,22,22,15,10,13,8,423,406,4/15 (27%),2/14 (14%),9,9,1,0,25/50 (50%),28/55 (51%),75,76,5,5,2,0,8,4,2,7,0,0
13/05/2023FluminenseCuiabáBrasileiroSérieA2023,Brasileiro Série A 2023,13/05/2023,18:30,Rio de Janeiro,Estádio do Maracanã,Fluminense,Cuiabá,2,0,1,0,Fernando Diniz,Luiz Fernando Iubel,7.0,6.55,"['Fábio', 'Guga', 'Nino', 'Felipe Melo', 'Marcelo', 'Thiago Santos', 'Lima', 'Jhon Arias', 'Ganso', 'John Kennedy', 'Germán Cano']","['Walter', 'Matheus Alexandre', 'Marllon', 'Alan Empereur', 'Mateusinho', 'Denilson', 'Raniele', 'Jonathan Cafú', 'Fernando Sobral', 'Wellington Silva', 'Deyverson']",4,4,62%,38%,12,6,13/22 (59%),10/24 (42%),0,4,1,8,2,1,564 (88%),335 (86%),2,2,2,0,0,0,7,3,124,117,1,0,1,0,14,10,22,20,7,13,9,10,644,391,4/15 (27%),1/18 (6%),17,12,0,0,17/38 (45%),31/47 (66%),56,50,1,7,0,1,6,5,3,4,0,0
13/05/2023BahiaFlamengoBrasileiroSérieA2023,Brasileiro Série A 2023,13/05/2023,16:00,Salvador,Arena Fonte Nova,Bahia,Flamengo,2,3,1,3,Renato Paiva,Jorge Sampaoli,6.78,6.88,"['Marcos Felipe', 'Kanu', 'Vitor Hugo', 'Rezende', 'Vítor Jacaré', 'Thaciano', 'Yago Felipe', 'Matheus Bahia', 'Cauly', 'Arthur Sales', 'Biel']","['Matheus Cunha', 'Fabrício Bruno', 'David Luiz', 'Léo Pereira', 'Matheus França', 'Victor Hugo', 'Thiago Maia', 'Ayrton Lucas', 'Giorgian De Arrascaeta', 'Everton', 'Gabriel Barbosa']",11,7,52%,48%,9,17,10/17 (59%),4/12 (33%),0,5,6,5,0,5,348 (85%),334 (86%),6,5,1,4,0,0,10,4,112,104,0,1,0,1,16,13,16,14,20,14,4,7,411,390,7/29 (24%),4/14 (29%),14,29,0,0,17/35 (49%),27/48 (56%),46,50,3,2,0,2,14,9,8,5,2,0
11/05/2023FortalezaSãoPauloBrasileiroSérieA2023,Brasileiro Série A 2023,11/05/2023,20:00,Fortaleza,Estadio Castelão,Fortaleza,São Paulo,0,0,0,0,Juan Pablo Vojvoda,Dorival Júnior,6.99,6.81,"['Mauricio Kozlinski', 'Tinga', 'Emanuel Brítez', 'Titi', 'Lucas Crispim', 'Yago Pikachu', 'Zé Welison', 'Caio Alexandre', 'Guilherme', 'Tomás Pochettino', 'Silvio Romero']","['Rafael', 'Raí Ramos', 'Alan Franco', 'Diego Costa', 'Patryck', 'Alisson', 'Pablo Maia', 'Rodrigo Nestor', 'Wellington Rato', 'Jonathan Calleri', 'Marcos Paulo']",10,5,44%,56%,19,11,8/10 (80%),11/21 (52%),3,2,3,8,0,1,298 (81%),410 (85%),2,1,1,4,0,0,4,10,113,127,0,0,0,0,9,17,23,12,16,13,6,14,369,482,5/18 (28%),2/17 (12%),32,21,1,0,17/39 (44%),30/63 (48%),66,43,4,7,0,1,13,5,3,5,1,1
11/05/2023BotafogoCorinthiansBrasileiroSérieA2023,Brasileiro Série A 2023,11/05/2023,19:30,Rio de Janeiro,Estádio Nilton Santos,Botafogo,Corinthians,3,0,1,0,Luís Castro,Vanderlei Luxemburgo,7.1,6.61,"['Lucas Perri', 'Leonel Di Plácido', 'Adryelson', 'Víctor Cuesta', 'Marçal', 'Marlon Freitas', 'Gabriel Pires', 'Júnior Santos', 'Eduardo', 'Victor Sá', 'Tiquinho Soares']","['Cássio', 'Fagner', 'Gil', 'Murillo', 'Fábio Santos', 'Roni', 'Adson', 'Matheus Araújo', 'Maycon', 'Róger Guedes', 'Yuri Alberto']",5,4,53%,47%,10,9,12/24 (50%),10/17 (59%),0,0,9,5,3,0,542 (90%),464 (88%),6,4,4,3,0,0,3,3,110,102,0,1,0,1,12,5,10,20,16,12,11,7,604,527,3/13 (23%),1/13 (8%),13,10,1,0,31/47 (66%),17/32 (53%),37,50,5,4,0,0,7,7,1,2,0,0
11/05/2023CoritibaVascodaGamaBrasileiroSérieA2023,Brasileiro Série A 2023,11/05/2023,19:00,Curitiba,Estádio Couto Pereira,Coritiba,Vasco da Gama,1,1,1,0,Antonio Carlos Zago,Mauricio Barbieri,6.66,6.85,"['Gabriel Vasconcelos', 'Natanael', 'Bruno Viana', 'Henrique', 'Thiago Dombroski', 'Victor Luis', 'Gabriel Boschilia', 'Liziero', 'Bruno Gomes', 'Robson', 'Zé Roberto']","['Léo Jardim', 'Puma Rodríguez', 'Robson Bambu', 'Léo', 'Lucas Piton', 'Jair', 'Rodrigo', 'Andrey Santos', 'Gabriel Pec', 'Pedro Raul', 'Alex Teixeira']",4,3,36%,64%,13,22,13/20 (65%),13/25 (52%),1,3,4,1,1,2,222 (73%),451 (83%),6,2,1,4,0,0,5,5,144,164,2,0,2,0,22,15,19,19,10,7,5,8,304,543,2/14 (14%),5/30 (17%),29,15,0,0,26/56 (46%),25/58 (43%),58,72,0,2,1,1,6,6,2,1,0,0
10/05/2023PalmeirasGrêmioBrasileiroSérieA2023,Brasileiro Série A 2023,10/05/2023,21:30,Sao Paulo,Allianz Parque,Palmeiras,Grêmio,4,1,1,1,Abel Ferreira,Renato Gaúcho,7.21,6.44,"['Weverton', 'Mayke', 'Luan', 'Gustavo Gómez', 'Joaquín Piquerez', 'Zé Rafael', 'Gabriel Menino', 'Artur', 'Raphael Veiga', 'Dudu', 'Rony']","['Gabriel Grando', 'Bruno Uvini', 'Bruno Alves', 'Walter Kannemann', 'Thomas Luciano', 'Mathias Villasanti', 'Felipe Carballo', 'Reinaldo', 'Bitello', 'Franco Cristaldo', 'Vina']",15,1,59%,41%,14,9,16/22 (73%),6/6 (100%),2,0,12,2,7,0,499 (89%),329 (81%),10,2,1,6,0,0,7,4,104,115,6,0,6,0,10,13,8,10,28,3,10,12,562,407,5/24 (21%),1/8 (13%),12,21,1,0,49/67 (73%),12/40 (30%),50,34,3,0,3,0,16,1,2,4,0,0
10/05/2023CruzeiroFluminenseBrasileiroSérieA2023,Brasileiro Série A 2023,10/05/2023,21:30,Belo Horizonte,Governador Magalhaes Pinto,Cruzeiro,Fluminense,0,2,0,1,Pepa,Fernando Diniz,6.95,6.92,"['Rafael Cabral', 'William', 'Lucas Oliveira', 'Luciano Castan', 'Marlon', 'Filipe Machado', 'Neto Moura', 'Wesley', 'Mateus Vital', 'Bruno Rodrigues', 'Gilberto']","['Fábio', 'Guga', 'Nino', 'Felipe Melo', 'Marcelo', 'André', 'Alexsander', 'Jhon Arias', 'Ganso', 'Lima', 'Germán Cano']",12,2,48%,52%,10,11,15/23 (65%),12/17 (71%),1,3,14,2,2,2,354 (88%),406 (87%),5,7,4,5,0,0,16,3,113,104,4,1,4,1,14,10,23,14,27,11,9,7,401,469,10/46 (22%),5/9 (56%),8,32,1,1,29/43 (67%),22/41 (54%),58,51,10,2,2,0,13,9,1,5,0,1
10/05/2023FlamengoGoiásBrasileiroSérieA2023,Brasileiro Série A 2023,10/05/2023,20:00,Rio de Janeiro,Estádio do Maracanã,Flamengo,Goiás,2,0,1,0,Jorge Sampaoli,Emerson Ávila,7.06,6.84,"['Matheus Cunha', 'Wesley França', 'Fabrício Bruno', 'Léo Pereira', 'Ayrton Lucas', 'Erick Pulgar', 'Victor Hugo', 'Everton Ribeiro', 'Giorgian De Arrascaeta', 'Everton', 'Pedro']","['Marcelo Rangel', 'Maguinho', 'Edu', 'Sidimar', 'Sander', 'Zé Ricardo', 'Everton Morelli', 'Dieguinho', 'Julián Palacios', 'Vinícius', 'Matheus Peixoto']",11,4,57%,43%,13,11,14/23 (61%),21/29 (72%),1,1,5,7,4,1,491 (89%),340 (84%),5,6,6,3,0,0,8,7,120,124,0,1,0,1,22,9,20,23,23,14,4,9,551,406,6/26 (23%),4/22 (18%),23,31,0,0,24/36 (67%),30/52 (58%),54,77,7,4,3,1,18,7,0,1,0,0
10/05/2023CuiabáAtléticoMineiroBrasileiroSérieA2023,Brasileiro Série A 2023,10/05/2023,20:00,Cuiaba,Arena Pantanal,Cuiabá,Atlético Mineiro,0,4,0,1,Ivo Vieira,Eduardo Coudet,6.39,7.2,"['Walter', 'Matheus Alexandre', 'Marllon', 'Alan Empereur', 'Patric Calmon', 'Denilson', 'Filipe Augusto', 'Jonathan Cafú', 'Ronald', 'Wellington Silva', 'Isidro Pitta']","['Éverson', 'Bruno Fuchs', 'Nathan Silva', 'Jemerson', 'Patrick', 'Matías Zaracho', 'Rodrigo Battaglia', 'Cristian Pavón', 'Hyoran', 'Hulk', 'Eduardo Vargas']",5,1,47%,53%,11,13,18/27 (67%),10/18 (56%),0,1,6,3,0,4,401 (86%),476 (86%),1,7,3,1,0,2,6,1,126,110,0,2,0,4,12,17,16,24,7,8,13,9,465,551,5/21 (24%),1/2 (50%),6,21,0,0,22/32 (69%),36/70 (51%),61,57,1,0,0,0,1,5,1,2,0,0
10/05/2023InternacionalAthleticoBrasileiroSérieA2023,Brasileiro Série A 2023,10/05/2023,19:00,Porto Alegre,Estadio Beira-Rio,Internacional,Athletico,0,2,0,0,Mano Menezes,Paulo Turra,6.74,7.01,"['Keiller', 'Fabricio Bustos', 'Vitão', 'Rodrigo Moledo', 'Renê', 'Gabriel Baralhas', 'Carlos De Pena', 'Pedro Henrique', 'Alan Patrick', 'Wanderson', 'Luiz Adriano']","['Bento', 'Khellven', 'Pedro Henrique', 'Thiago Heleno', 'Fernando', 'Erick', 'Hugo Moura', 'Alex Santana', 'Pablo', 'Vitor Roque', 'Thiago Andrade']",8,3,46%,54%,14,16,9/16 (56%),9/24 (38%),2,2,6,5,3,2,359 (85%),439 (85%),3,5,3,3,0,0,4,3,117,129,0,2,0,2,11,10,17,14,12,14,5,9,423,516,8/23 (35%),1/13 (8%),31,16,2,0,17/37 (46%),31/60 (52%),50,49,1,6,3,1,6,9,2,4,0,0
20/05/2023AméricaMineiroFortalezaBrasileiroSérieA2023,Brasileiro Série A 2023,20/05/2023,18:30,Belo Horizonte,Arena Independência,América Mineiro,Fortaleza,2,1,2,1,Vagner Mancini,Juan Pablo Vojvoda,6.71,6.88,"['Mateus Pasinato', 'Marcinho', 'Wanderson', 'Iago Maidana', 'Danilo Avelar', 'Breno Cascardo', 'Lucas Kal', 'Everaldo', 'Emmanuel Martínez', 'Felipe Azevedo', 'Renato Marques']","['João Ricardo', 'Tinga', 'Emanuel Brítez', 'Brayan Ceballos', 'Lucas Crispim', 'Caio Alexandre', 'Lucas Sasha', 'Calebe', 'Tomás Pochettino', 'Moisés', 'Juan Martín Lucero']",5,5,27%,73%,13,17,8/16 (50%),25/35 (71%),0,1,5,6,0,1,193 (68%),661 (89%),3,6,4,1,2,0,1,2,129,138,3,2,5,2,14,8,18,14,9,16,10,7,284,744,1/4 (25%),5/27 (19%),31,14,1,0,18/52 (35%),24/51 (47%),45,70,1,5,0,0,4,10,4,2,0,0
20/05/2023BahiaGoiásBrasileiroSérieA2023,Brasileiro Série A 2023,20/05/2023,16:00,Salvador,Arena Fonte Nova,Bahia,Goiás,1,1,1,1,Renato Paiva,Emerson Ávila,7.14,6.63,"['Marcos Felipe', 'Gabriel Xavier', 'David Duarte', 'Vitor Hugo', 'Vítor Jacaré', 'Cauly', 'Thaciano', 'Ryan', 'Ademir', 'Everaldo', 'Biel']","['Tadeu', 'Maguinho', 'Lucas Halter', 'Bruno Melo', 'Sander', 'Dieguinho', 'Zé Ricardo', 'Willian Oliveira', 'Alesson', 'Julián Palacios', 'Matheus Peixoto']",14,4,51%,49%,11,6,20/29 (69%),8/22 (36%),1,6,12,10,2,1,358 (83%),341 (81%),4,5,4,3,0,0,4,6,130,142,1,1,1,1,19,13,27,13,23,13,14,12,430,423,6/28 (21%),4/11 (36%),14,23,1,0,27/47 (57%),19/44 (43%),71,46,5,4,2,1,11,3,1,3,0,0
14/05/2023AméricaMineiroCruzeiroBrasileiroSérieA2023,Brasileiro Série A 2023,14/05/2023,18:30,Belo Horizonte,Arena Independência,América Mineiro,Cruzeiro,0,4,0,1,Vagner Mancini,Pepa,6.54,7.19,"['Matheus Cavichioli', 'Marcinho', 'Ricardo Silva', 'Éder Ferreira', 'Marlon Lopes', 'Juninho', 'Alê', 'Martín Benítez', 'Felipe Azevedo', 'Mikael', 'Aloísio']","['Rafael Cabral', 'William', 'Lucas Oliveira', 'Luciano Castan', 'Marlon', 'Ramiro', 'Filipe Machado', 'Neto Moura', 'Wesley', 'Henrique Dourado', 'Bruno Rodrigues']",10,6,48%,52%,23,16,18/25 (72%),11/16 (69%),5,3,8,2,3,2,300 (79%),345 (80%),2,8,4,2,0,0,5,6,142,143,1,0,1,0,10,17,17,16,15,16,7,17,380,429,6/27 (22%),7/23 (30%),17,20,2,0,28/49 (57%),34/67 (51%),74,53,3,2,3,0,7,14,2,0,0,0
14/05/2023GoiásBotafogoBrasileiroSérieA2023,Brasileiro Série A 2023,14/05/2023,18:30,Goiania,Estádio da Serrinha,Goiás,Botafogo,2,1,1,1,Emerson Ávila,Luís Castro,6.79,6.63,"['Marcelo Rangel', 'Maguinho', 'Lucas Halter', 'Bruno Melo', 'Sander', 'Dieguinho', 'Willian Oliveira', 'Zé Ricardo', 'Julián Palacios', 'Matheus Peixoto', 'Diego Gonçalves']","['Lucas Perri', 'Leonel Di Plácido', 'Adryelson', 'Luis Segovia', 'Marçal', 'Marlon Freitas', 'Tchê Tchê', 'Gustavo Sauer', 'Eduardo', 'Victor Sá', 'Tiquinho Soares']",2,10,47%,53%,18,17,9/19 (47%),11/23 (48%),2,2,2,8,3,1,267 (78%),302 (77%),5,2,1,2,0,0,4,7,144,148,0,0,0,0,23,18,21,19,7,17,8,7,342,393,1/19 (5%),4/22 (18%),24,20,0,0,20/44 (45%),22/53 (42%),66,67,0,5,1,0,5,9,6,3,0,0
14/05/2023AthleticoCoritibaBrasileiroSérieA2023,Brasileiro Série A 2023,14/05/2023,18:30,Curitiba,Arena da Baixada,Athletico,Coritiba,3,2,0,1,Paulo Turra,Antonio Carlos Zago,6.96,6.53,"['Bento', 'Khellven', 'Pedro Henrique', 'Thiago Heleno', 'Fernando', 'Erick', 'Fernandinho', 'Pablo', 'David Terans', 'Christian', 'Vitor Roque']","['Gabriel Vasconcelos', 'Marcos Vinícius', 'Bruno Viana', 'Henrique', 'Jhon Chancellor', 'Jamerson', 'Robson', 'Liziero', 'Bruno Gomes', 'Marcelino Moreno', 'Zé Roberto']",15,2,65%,35%,28,22,10/20 (50%),11/16 (69%),1,1,10,4,4,0,489 (82%),217 (67%),7,3,1,4,0,0,4,1,158,163,0,0,0,0,9,12,16,21,26,7,10,15,593,324,12/28 (43%),1/10 (10%),7,27,2,0,35/72 (49%),25/73 (34%),66,63,4,2,2,0,16,3,3,3,0,0
14/05/2023CorinthiansSãoPauloBrasileiroSérieA2023,Brasileiro Série A 2023,14/05/2023,16:00,Sao Paulo,Neo Química Arena,Corinthians,São Paulo,1,1,1,1,Vanderlei Luxemburgo,Dorival Júnior,6.77,6.76,"['Cássio', 'Fagner', 'Gil', 'Murillo', 'Matheus Bidú', 'Fausto Vera', 'Wesley', 'Giuliano', 'Maycon', 'Róger Guedes', 'Yuri Alberto']","['Rafael', 'Rafinha', 'Robert Arboleda', 'Lucas Beraldo', 'Caio Paulista', 'Gabriel Neves', 'Pablo Maia', 'Wellington Rato', 'Luciano', 'Michel Araújo', 'Jonathan Calleri']",4,2,34%,66%,7,19,12/21 (57%),12/26 (46%),0,2,5,2,1,1,276 (80%),620 (90%),3,1,0,2,0,0,5,4,118,126,0,0,0,0,16,18,23,14,7,7,9,10,344,691,1/19 (5%),5/20 (25%),25,23,0,0,13/35 (37%),22/33 (67%),60,60,0,4,0,0,2,5,2,4,0,0
14/05/2023VascodaGamaSantosBrasileiroSérieA2023,Brasileiro Série A 2023,14/05/2023,16:00,Rio de Janeiro,Estádio Vasco da Gama,Vasco da Gama,Santos,0,1,0,1,Mauricio Barbieri,Odair Hellmann,6.89,6.99,"['Léo Jardim', 'Puma Rodríguez', 'Robson Bambu', 'Léo', 'Lucas Piton', 'Cauan Barros', 'Jair', 'Matías Galarza', 'Gabriel Pec', 'Pedro Raul', 'Figueiredo']","['João Paulo', 'Nathan', 'Messias', 'Joaquim', 'Gabriel Inocêncio', 'Rodrigo Fernández', 'Dodi', 'Ângelo', 'Lucas Lima', 'Lucas Braga', 'Deivid Washington']",10,3,69%,31%,17,27,21/33 (64%),16/32 (50%),0,3,8,2,1,1,431 (84%),163 (67%),9,1,0,9,0,0,14,1,169,138,0,0,0,0,14,12,28,26,23,6,6,9,516,245,14/50 (28%),2/5 (40%),5,52,0,0,14/37 (38%),11/43 (26%),78,82,4,2,1,1,15,4,4,1,0,0
14/05/2023GrêmioFortalezaBrasileiroSérieA2023,Brasileiro Série A 2023,14/05/2023,16:00,Porto Alegre,Arena do Grêmio,Grêmio,Fortaleza,0,0,0,0,Renato Gaúcho,Juan Pablo Vojvoda,7.03,6.99,"['Gabriel Grando', 'Thomas Luciano', 'Bruno Alves', 'Walter Kannemann', 'Reinaldo', 'Mathias Villasanti', 'Pepê', 'Bitello', 'Franco Cristaldo', 'Vina', 'Luis Suárez']","['João Ricardo', 'Dudu', 'Brayan Ceballos', 'Titi', 'Bruno Pacheco', 'Lucas Sasha', 'Caio Alexandre', 'Calebe', 'Hércules', 'Romarinho', 'Juan Martín Lucero']",7,7,57%,43%,12,12,11/16 (69%),14/24 (58%),1,1,7,5,0,0,415 (80%),299 (77%),6,4,4,6,0,0,9,5,153,146,0,0,0,0,22,22,20,11,17,14,13,9,516,389,5/22 (23%),6/17 (35%),18,26,0,0,28/51 (55%),33/61 (54%),63,56,4,3,0,0,10,9,3,4,0,0
13/05/2023AtléticoMineiroInternacionalBrasileiroSérieA2023,Brasileiro Série A 2023,13/05/2023,21:00,Belo Horizonte,Governador Magalhaes Pinto,Atlético Mineiro,Internacional,2,0,1,0,Eduardo Coudet,Mano Menezes,6.94,6.64,"['Éverson', 'Mariano', 'Nathan Silva', 'Jemerson', 'Rubens', 'Matías Zaracho', 'Rodrigo Battaglia', 'Cristian Pavón', 'Hyoran', 'Paulinho', 'Eduardo Vargas']","['Keiller', 'Fabricio Bustos', 'Vitão', 'Gabriel Mercado', 'Thauan Lara', 'Rômulo', 'Matheus Dias', 'Maurício', 'Carlos De Pena', 'Pedro Henrique', 'Luiz Adriano']",8,2,54%,46%,19,16,4/14 (29%),12/18 (67%),0,2,4,4,5,0,409 (80%),325 (76%),4,4,4,2,0,0,3,3,153,151,2,0,2,0,14,8,17,22,14,6,3,9,514,425,2/10 (20%),2/13 (15%),14,15,1,1,38/76 (50%),18/46 (39%),47,62,2,0,3,0,10,2,2,3,0,0
13/05/2023PalmeirasRedBullBragantinoBrasileiroSérieA2023,Brasileiro Série A 2023,13/05/2023,18:30,Sao Paulo,Allianz Parque,Palmeiras,Red Bull Bragantino,1,1,0,0,Abel Ferreira,Pedro Caixinha,7.01,6.71,"['Weverton', 'Mayke', 'Luan', 'Gustavo Gómez', 'Vanderlan', 'Fabinho', 'Gabriel Menino', 'Artur', 'Raphael Veiga', 'Dudu', 'Rony']","['Cleiton', 'Andrés Hurtado', 'Eduardo Santos', 'Natan', 'Juninho Capixaba', 'Lucas Evangelista', 'Matheus Fernandes', 'Eric Ramires', 'Helinho', 'Eduardo Sasha', 'Bruninho']",9,4,58%,42%,19,16,14/19 (74%),9/15 (60%),3,2,7,5,3,2,361 (81%),264 (80%),6,3,2,5,0,0,15,6,146,123,0,1,0,1,12,19,19,12,22,8,11,13,444,332,7/33 (21%),3/15 (20%),12,25,2,0,44/73 (60%),21/48 (44%),71,47,7,1,2,2,15,3,1,4,0,0
27/05/2023FortalezaVascodaGamaBrasileiroSérieA2023,Brasileiro Série A 2023,27/05/2023,16:00,Fortaleza,Estadio Castelão,Fortaleza,Vasco da Gama,2,0,0,0,Juan Pablo Vojvoda,Claudio Maldonado,7.16,6.58,"['João Ricardo', 'Tinga', 'Emanuel Brítez', 'Titi', 'Bruno Pacheco', 'Calebe', 'Hércules', 'Caio Alexandre', 'Moisés', 'Juan Martín Lucero', 'Thiago Galhardo']","['Léo Jardim', 'Paulo Henrique', 'Manuel Capasso', 'Léo', 'Lucas Piton', 'Cauan Barros', 'Jair', 'Matías Galarza', 'Gabriel Pec', 'Alex Teixeira', 'Figueiredo']",5,2,50%,50%,17,16,12/21 (57%),9/23 (39%),3,3,4,7,3,0,304 (82%),310 (80%),6,1,1,5,0,0,9,5,126,136,1,1,1,1,11,15,22,18,15,11,5,8,370,388,9/27 (33%),4/18 (22%),20,18,0,1,21/51 (41%),26/59 (44%),66,53,4,8,3,0,11,4,3,1,0,0
27/05/2023AthleticoGrêmioBrasileiroSérieA2023,Brasileiro Série A 2023,27/05/2023,16:00,Curitiba,Arena da Baixada,Athletico,Grêmio,1,2,1,1,Paulo Turra,Renato Gaúcho,6.95,6.74,"['Bento', 'Madson', 'Pedro Henrique', 'Thiago Heleno', 'Fernando', 'Erick', 'Christian', 'Agustín Canobbio', 'Vitor Bueno', 'Pablo', 'Vitor Roque']","['Adriel', 'Gustavo Martins', 'Bruno Alves', 'Bruno Uvini', 'Fábio', 'Mathias Villasanti', 'Lucas Milla', 'Reinaldo', 'Everton Galdino', 'Cuiabano', 'Vina']",7,4,66%,34%,26,24,26/30 (87%),6/11 (55%),1,2,8,3,2,0,462 (86%),192 (68%),4,4,2,3,1,0,10,5,139,144,1,1,2,1,14,15,14,10,16,10,9,5,539,282,8/31 (26%),4/13 (31%),17,34,0,0,38/62 (61%),18/53 (34%),81,53,5,2,1,0,8,7,2,4,0,0
22/05/2023CruzeiroCuiabáBrasileiroSérieA2023,Brasileiro Série A 2023,22/05/2023,20:00,Sete Lagoas,Estadio Joaquim Henrique Nogueira,Cruzeiro,Cuiabá,0,1,0,1,Pepa,António Oliveira,6.92,6.94,"['Rafael Cabral', 'William', 'Lucas Oliveira', 'Luciano Castan', 'Marlon', 'Ramiro', 'Filipe Machado', 'Neto Moura', 'Wesley', 'Henrique Dourado', 'Bruno Rodrigues']","['Walter', 'Matheus Alexandre', 'Marllon', 'Alan Empereur', 'Rikelme', 'Fernando Sobral', 'Raniele', 'Denilson', 'Jonathan Cafú', 'Deyverson', 'Wellington Silva']",6,9,65%,35%,22,17,15/20 (75%),7/11 (64%),5,2,7,7,1,2,438 (81%),193 (67%),8,2,1,8,0,0,6,2,165,151,0,1,0,1,16,15,16,15,15,15,13,11,538,289,7/25 (28%),3/9 (33%),9,22,0,0,49/78 (63%),30/74 (41%),67,55,1,4,1,1,8,8,1,3,0,0
21/05/2023GrêmioInternacionalBrasileiroSérieA2023,Brasileiro Série A 2023,21/05/2023,18:30,Porto Alegre,Arena do Grêmio,Grêmio,Internacional,3,1,2,0,Renato Gaúcho,Mano Menezes,6.84,6.81,"['Gabriel Grando', 'Bruno Uvini', 'Bruno Alves', 'Walter Kannemann', 'Fábio', 'Mathias Villasanti', 'Felipe Carballo', 'Reinaldo', 'Bitello', 'Luis Suárez', 'Franco Cristaldo']","['Keiller', 'Rômulo', 'Rodrigo Moledo', 'Gabriel Mercado', 'Thauan Lara', 'Johnny', 'Campanharo', 'Maurício', 'Alan Patrick', 'Pedro Henrique', 'Luiz Adriano']",6,14,29%,71%,21,16,4/9 (44%),11/16 (69%),1,1,1,11,3,0,140 (60%),493 (87%),6,4,3,3,1,0,3,7,137,131,3,1,4,1,14,15,12,12,14,24,10,14,233,568,4/12 (33%),5/30 (17%),34,18,0,1,20/57 (35%),15/32 (47%),49,52,2,6,2,0,13,13,2,1,1,0
21/05/2023FlamengoCorinthiansBrasileiroSérieA2023,Brasileiro Série A 2023,21/05/2023,16:00,Rio de Janeiro,Estádio do Maracanã,Flamengo,Corinthians,1,0,0,0,Jorge Sampaoli,Vanderlei Luxemburgo,6.96,6.88,"['Santos', 'Wesley França', 'Fabrício Bruno', 'Léo Pereira', 'Ayrton Lucas', 'Erick Pulgar', 'Thiago Maia', 'Victor Hugo', 'Gerson', 'Gabriel Barbosa', 'Pedro']","['Cássio', 'Bruno Méndez', 'Gil', 'Murillo', 'Matheus Bidú', 'Adson', 'Fausto Vera', 'Paulinho', 'Maycon', 'Yuri Alberto', 'Róger Guedes']",3,8,65%,35%,6,14,7/16 (44%),14/22 (64%),0,2,7,2,0,2,612 (91%),289 (81%),3,3,3,2,0,0,6,9,107,104,0,0,0,0,9,12,12,16,10,15,5,7,672,356,4/20 (20%),4/17 (24%),16,19,0,0,37/50 (74%),26/50 (52%),36,53,4,4,0,2,3,13,0,2,0,0
20/05/2023SantosPalmeirasBrasileiroSérieA2023,Brasileiro Série A 2023,20/05/2023,21:00,Santos,Urbano Caldeira,Santos,Palmeiras,0,0,0,0,Odair Hellmann,João Miguel Barreto Martins,6.83,6.88,"['João Paulo', 'Gabriel Inocêncio', 'Joaquim', 'Messias', 'Lucas Pires', 'Rodrigo Fernández', 'Dodi', 'Ângelo', 'Lucas Lima', 'Lucas Braga', 'Deivid Washington']","['Weverton', 'Mayke', 'Luan', 'Gustavo Gómez', 'Joaquín Piquerez', 'Zé Rafael', 'Gabriel Menino', 'Artur', 'Raphael Veiga', 'Dudu', 'Rony']",5,4,38%,62%,15,11,13/22 (59%),17/25 (68%),0,3,5,8,0,0,246 (72%),463 (84%),4,1,1,4,0,0,3,4,147,160,1,0,1,0,15,11,20,12,12,11,9,12,344,553,1/13 (8%),0/17 (0%),25,9,0,2,13/41 (32%),39/64 (61%),57,54,3,6,0,0,7,3,3,1,0,0
20/05/2023SãoPauloVascodaGamaBrasileiroSérieA2023,Brasileiro Série A 2023,20/05/2023,18:30,Sao Paulo,Estádio Cicero Pompeu de Toledo,São Paulo,Vasco da Gama,4,2,2,1,Dorival Júnior,Mauricio Barbieri,7.0,6.63,"['Rafael', 'Rafinha', 'Diego Costa', 'Lucas Beraldo', 'Caio Paulista', 'Gabriel Neves', 'Luan', 'Rodrigo Nestor', 'Luciano', 'Marcos Paulo', 'Jonathan Calleri']","['Léo Jardim', 'Puma Rodríguez', 'Robson Bambu', 'Léo', 'Lucas Piton', 'Cauan Barros', 'Jair', 'Matías Galarza', 'Gabriel Pec', 'Pedro Raul', 'Figueiredo']",4,6,53%,47%,15,15,20/29 (69%),22/31 (71%),0,1,4,9,4,0,375 (82%),326 (83%),7,4,2,3,2,0,3,9,128,130,3,1,5,1,9,16,16,20,15,17,5,4,460,395,5/13 (38%),9/31 (29%),34,9,0,1,41/70 (59%),21/37 (57%),66,65,4,7,0,0,11,8,0,4,0,0
20/05/2023BotafogoFluminenseBrasileiroSérieA2023,Brasileiro Série A 2023,20/05/2023,18:30,Rio de Janeiro,Estádio Nilton Santos,Botafogo,Fluminense,1,0,0,0,Luís Castro,Fernando Diniz,7.0,6.83,"['Lucas Perri', 'Rafael', 'Adryelson', 'Víctor Cuesta', 'Marçal', 'Tchê Tchê', 'Gabriel Pires', 'Júnior Santos', 'Eduardo', 'Luís Henrique', 'Tiquinho Soares']","['Fábio', 'Samuel Xavier', 'Nino', 'Felipe Melo', 'Guga', 'André', 'Lima', 'Jhon Arias', 'Ganso', 'Gabriel Pirani', 'Germán Cano']",7,2,34%,66%,15,11,6/16 (38%),15/26 (58%),2,1,8,0,1,1,215 (79%),474 (88%),7,0,0,6,0,0,7,4,102,110,0,0,0,0,24,14,19,17,21,3,9,4,272,540,10/21 (48%),3/13 (23%),17,19,0,1,20/47 (43%),18/32 (56%),54,67,7,1,0,1,13,3,4,2,0,0
20/05/2023CoritibaAtléticoMineiroBrasileiroSérieA2023,Brasileiro Série A 2023,20/05/2023,18:30,Curitiba,Estádio Couto Pereira,Coritiba,Atlético Mineiro,1,2,1,1,Antonio Carlos Zago,Eduardo Coudet,6.54,6.93,"['Luan Polli', 'Bruno Viana', 'Henrique', 'Jhon Chancellor', 'Natanael', 'Bruno Gomes', 'Marcelino Moreno', 'Liziero', 'Jamerson', 'Robson', 'Zé Roberto']","['Éverson', 'Renzo Saravia', 'Bruno Fuchs', 'Mauricio Lemos', 'Dodô', 'Hyoran', 'Edenilson', 'Patrick', 'Igor Gomes', 'Hulk', 'Eduardo Vargas']",6,4,34%,66%,15,14,5/19 (26%),14/20 (70%),2,1,7,12,1,1,204 (75%),476 (87%),4,8,6,3,0,0,5,7,124,133,0,1,0,1,20,17,19,23,10,19,8,9,273,545,4/12 (33%),6/25 (24%),25,12,0,0,32/56 (57%),27/54 (50%),55,71,0,7,0,0,3,7,5,8,1,1
20/05/2023RedBullBragantinoAthleticoBrasileiroSérieA2023,Brasileiro Série A 2023,20/05/2023,18:30,Braganca Paulista,Estadio Nabi Abi Chedid,Red Bull Bragantino,Athletico,2,0,1,0,Pedro Caixinha,Paulo Turra,7.09,6.58,"['Cleiton', 'Andrés Hurtado', 'Eduardo Santos', 'Leonardo Realpe', 'Guilherme Lopes', 'Matheus Fernandes', 'Lucas Evangelista', 'Helinho', 'Vitinho', 'Bruninho', 'Eduardo Sasha']","['Bento', 'Khellven', 'Zé Ivaldo', 'Matheus Felipe', 'Madson', 'Hugo Moura', 'Alex Santana', 'David Terans', 'Vitor Bueno', 'Tomás Cuello', 'Willian']",7,8,61%,39%,15,17,11/16 (69%),9/15 (60%),2,3,4,8,2,1,372 (82%),198 (68%),4,4,4,2,0,0,6,5,131,148,0,1,0,1,20,12,20,11,13,14,3,7,453,291,4/16 (25%),1/11 (9%),27,17,0,0,19/46 (41%),29/66 (44%),57,57,2,2,0,1,9,6,3,3,0,0
28/05/2023BotafogoAméricaMineiroBrasileiroSérieA2023,Brasileiro Série A 2023,28/05/2023,19:00,Rio de Janeiro,Estádio Nilton Santos,Botafogo,América Mineiro,2,0,1,0,Luís Castro,Vagner Mancini,7.12,6.55,"['Lucas Perri', 'Leonel Di Plácido', 'Adryelson', 'Víctor Cuesta', 'Marçal', 'Marlon Freitas', 'Tchê Tchê', 'Júnior Santos', 'Lucas Fernandes', 'Luís Henrique', 'Eduardo']","['Mateus Pasinato', 'Marcinho', 'Wanderson', 'Iago Maidana', 'Danilo Avelar', 'Lucas Kal', 'Everaldo', 'Breno Cascardo', 'Emmanuel Martínez', 'Felipe Azevedo', 'Renato Marques']",4,2,56%,44%,8,23,18/22 (82%),6/13 (46%),2,3,5,3,5,1,400 (85%),297 (78%),6,1,1,4,0,0,7,0,116,128,4,0,4,0,9,11,12,16,18,4,12,12,472,383,6/20 (30%),1/11 (9%),16,15,1,0,29/59 (49%),23/48 (48%),49,54,8,1,3,1,13,1,2,3,0,0
28/05/2023AtléticoMineiroPalmeirasBrasileiroSérieA2023,Brasileiro Série A 2023,28/05/2023,18:30,Belo Horizonte,Governador Magalhaes Pinto,Atlético Mineiro,Palmeiras,1,1,1,0,Eduardo Coudet,Abel Ferreira,6.77,6.76,"['Éverson', 'Mariano', 'Nathan Silva', 'Jemerson', 'Rubens', 'Rodrigo Battaglia', 'Cristian Pavón', 'Matías Zaracho', 'Hyoran', 'Hulk', 'Paulinho']","['Weverton', 'Marcos Rocha', 'Luan', 'Gustavo Gómez', 'Vanderlan', 'Zé Rafael', 'Gabriel Menino', 'Artur', 'Raphael Veiga', 'Dudu', 'Rony']",4,4,58%,42%,7,7,12/24 (50%),13/25 (52%),0,3,3,4,0,2,411 (84%),276 (80%),4,2,1,3,0,0,3,3,131,127,0,0,0,0,27,15,20,17,10,11,5,12,489,347,3/18 (17%),4/13 (31%),14,21,0,0,25/48 (52%),39/66 (59%),54,62,2,5,0,1,7,7,3,3,0,0
28/05/2023RedBullBragantinoSantosBrasileiroSérieA2023,Brasileiro Série A 2023,28/05/2023,18:30,Braganca Paulista,Estadio Nabi Abi Chedid,Red Bull Bragantino,Santos,2,0,1,0,Pedro Caixinha,Odair Hellmann,7.07,6.72,"['Cleiton', 'Andrés Hurtado', 'Leonardo Realpe', 'Luan Patrick', 'Juninho Capixaba', 'Lucas Evangelista', 'Matheus Fernandes', 'Eric Ramires', 'Helinho', 'Eduardo Sasha', 'Vitinho']","['João Paulo', 'Gabriel Inocêncio', 'Joaquim', 'Messias', 'Lucas Pires', 'Rodrigo Fernández', 'Dodi', 'Ângelo', 'Lucas Lima', 'Yeferson Soteldo', 'Deivid Washington']",6,5,59%,41%,15,15,9/21 (43%),9/20 (45%),3,4,7,5,2,0,381 (79%),236 (69%),9,1,1,7,0,0,5,4,186,176,0,0,0,0,13,10,27,31,19,9,11,18,483,342,6/20 (30%),5/9 (56%),11,19,0,0,31/74 (42%),15/51 (29%),61,66,4,3,1,0,12,4,2,1,0,0
28/05/2023CorinthiansFluminenseBrasileiroSérieA2023,Brasileiro Série A 2023,28/05/2023,16:00,Sao Paulo,Neo Química Arena,Corinthians,Fluminense,2,0,0,0,Vanderlei Luxemburgo,Eduardo Barros,7.15,6.86,"['Cássio', 'Bruno Méndez', 'Gil', 'Murillo', 'Matheus Bidú', 'Adson', 'Fausto Vera', 'Roni', 'Maycon', 'Yuri Alberto', 'Róger Guedes']","['Fábio', 'Samuel Xavier', 'Nino', 'Felipe Melo', 'Guga', 'André', 'Matheus Martinelli', 'Lima', 'Ganso', 'Jhon Arias', 'Germán Cano']",8,10,30%,70%,11,14,7/14 (50%),11/15 (73%),2,3,9,12,1,1,240 (78%),668 (92%),4,7,7,2,0,0,7,6,109,112,1,0,1,0,18,6,15,11,14,22,8,9,309,728,3/17 (18%),4/22 (18%),19,15,0,0,21/48 (44%),11/16 (69%),39,53,2,5,0,1,5,10,4,2,0,0
28/05/2023InternacionalBahiaBrasileiroSérieA2023,Brasileiro Série A 2023,28/05/2023,16:00,Porto Alegre,Estadio Beira-Rio,Internacional,Bahia,2,0,0,0,Mano Menezes,Renato Paiva,6.92,6.61,"['John', 'Rômulo', 'Rodrigo Moledo', 'Nico Hernández', 'Thauan Lara', 'Johnny', 'Campanharo', 'Pedro Henrique', 'Alan Patrick', 'Carlos De Pena', 'Alexandre Alemão']","['Marcos Felipe', 'Kanu', 'David Duarte', 'Vitor Hugo', 'Vítor Jacaré', 'Thaciano', 'Rezende', 'Jhoanner Chávez', 'Cauly', 'Everaldo', 'Biel']",2,4,44%,56%,10,10,8/16 (50%),14/24 (58%),3,0,4,2,2,2,355 (83%),448 (85%),2,4,4,0,0,0,2,7,112,134,0,0,0,0,10,13,16,10,7,9,13,9,429,528,1/8 (13%),5/30 (17%),29,10,0,1,18/42 (43%),22/41 (54%),47,44,3,1,0,2,3,7,1,2,0,0
27/05/2023SãoPauloGoiásBrasileiroSérieA2023,Brasileiro Série A 2023,27/05/2023,21:00,Sao Paulo,Estádio Cicero Pompeu de Toledo,São Paulo,Goiás,2,1,0,1,Dorival Júnior,Emerson Ávila,7.05,6.52,"['Rafael', 'Rafinha', 'Alan Franco', 'Lucas Beraldo', 'Caio Paulista', 'Gabriel Neves', 'Pablo Maia', 'Alisson', 'Luciano', 'Marcos Paulo', 'Jonathan Calleri']","['Tadeu', 'Bruno Santos', 'Lucas Halter', 'Bruno Melo', 'Sander', 'Maguinho', 'Willian Oliveira', 'Dieguinho', 'Alesson', 'Julián Palacios', 'Matheus Peixoto']",7,2,68%,32%,12,10,12/18 (67%),4/15 (27%),3,1,8,2,1,1,546 (90%),223 (79%),6,4,3,4,0,0,11,5,114,109,0,0,0,0,12,16,17,12,16,8,8,7,604,283,5/28 (18%),7/17 (41%),13,26,1,0,36/50 (72%),32/57 (56%),55,35,3,2,0,0,8,6,2,4,0,0
27/05/2023FlamengoCruzeiroBrasileiroSérieA2023,Brasileiro Série A 2023,27/05/2023,18:30,Rio de Janeiro,Estádio do Maracanã,Flamengo,Cruzeiro,1,1,1,1,Jorge Sampaoli,Pepa,6.81,6.91,"['Matheus Cunha', 'Wesley França', 'Fabrício Bruno', 'Léo Pereira', 'Ayrton Lucas', 'Thiago Maia', 'Erick Pulgar', 'Gerson', 'Matheus França', 'Gabriel Barbosa', 'Pedro']","['Rafael Cabral', 'Igor Formiga', 'Lucas Oliveira', 'Luciano Castan', 'Marlon', 'Wallisson Luiz', 'Filipe Machado', 'Neto Moura', 'Wesley', 'Gilberto', 'Bruno Rodrigues']",8,9,62%,38%,11,14,12/24 (50%),14/19 (74%),5,3,6,7,3,1,534 (86%),303 (80%),2,6,5,2,0,0,2,1,141,122,2,1,2,1,12,18,13,24,14,18,9,11,618,378,2/15 (13%),6/15 (40%),12,18,1,0,47/72 (65%),35/57 (61%),53,63,4,3,2,1,8,11,4,5,0,0
27/05/2023CuiabáCoritibaBrasileiroSérieA2023,Brasileiro Série A 2023,27/05/2023,18:30,Cuiaba,Arena Pantanal,Cuiabá,Coritiba,1,1,1,0,António Oliveira,Antonio Carlos Zago,6.84,6.65,"['Walter', 'Matheus Alexandre', 'Marllon', 'Alan Empereur', 'Rikelme', 'Fernando Sobral', 'Raniele', 'Ronald', 'Jonathan Cafú', 'Deyverson', 'Wellington Silva']","['Gabriel Vasconcelos', 'Benjamin Kuscevic', 'Henrique', 'Bruno Viana', 'Natanael', 'Liziero', 'Bruno Gomes', 'Jamerson', 'Gabriel Boschilia', 'Robson', 'Kaio César']",4,5,44%,56%,27,10,19/30 (63%),15/26 (58%),0,3,3,4,1,1,305 (78%),426 (82%),3,2,1,2,0,0,2,6,149,151,0,0,0,0,8,13,16,14,9,8,11,8,392,518,7/21 (33%),2/15 (13%),13,24,0,0,30/56 (54%),26/62 (42%),75,47,2,1,1,0,6,4,3,5,0,0
